id,firstName,lastName,email,gender,age,lifestyle,goal
1,Kipp,Epdell,kepdell0@phpbb.com,Male,33,yoga practice,improve flexibility with yoga
2,Aura,Derobert,aderobert1@ucoz.ru,Female,60,yoga practice,run a 5k in under 30 minutes
3,Sherie,Stangroom,sstangroom2@paginegialle.it,Female,60,meditation practice,run a 5k in under 30 minutes
4,Gib,Crighten,gcrighten3@wikispaces.com,Male,28,yoga practice,000
5,Appolonia,Bygott,abygott4@miitbeian.gov.cn,Female,30,meditation practice,cut out sugar for 30 days
6,Camel,Redan,credan5@thetimes.co.uk,Female,23,yoga practice,try intermittent fasting for weight loss
7,Sue,Margaritelli,smargaritelli6@aboutads.info,Female,30,DIY enthusiast,increase daily steps to 10
8,Letitia,Ciccarello,lciccarello7@privacy.gov.au,Female,23,minimalist living,practice mindfulness for mental health
9,Reynolds,Spinney,rspinney8@merriam-webster.com,Male,48,meditation practice,run a 5k in under 30 minutes
10,Frederigo,Uttley,futtley9@redcross.org,Male,32,sustainable living,lose 10 pounds in 2 months
11,Nate,Siggins,nsigginsa@jugem.jp,Male,60,DIY enthusiast,reduce stress through meditation
12,Jillayne,Bowater,jbowaterb@unicef.org,Female,25,sustainable living,increase daily steps to 10
13,Amelita,Frankland,afranklandc@livejournal.com,Female,30,work-life balance,000
14,Stanwood,Massei,smasseid@salon.com,Male,59,vegan diet,improve flexibility with yoga
15,Jarib,Dick,jdicke@spotify.com,Male,34,DIY enthusiast,reduce stress through meditation
16,Abbi,Dugood,adugoodf@si.edu,Female,44,vegan diet,reduce stress through meditation
17,Iormina,Deamer,ideamerg@themeforest.net,Female,55,active lifestyle,try intermittent fasting for weight loss
18,Orlan,Crigin,ocriginh@addthis.com,Male,45,yoga practice,reduce stress through meditation
19,Wallis,Hall,whalli@nydailynews.com,Male,44,adventurous travel,practice mindfulness for mental health
20,Berna,Maxweell,bmaxweellj@cnn.com,Female,25,work-life balance,lose 10 pounds in 2 months
21,Hilary,Grunnell,hgrunnellk@ucsd.edu,Male,55,adventurous travel,improve flexibility with yoga
22,Kimberlee,Asbury,kasburyl@wsj.com,Female,38,vegan diet,000
23,Greer,Barnson,gbarnsonm@quantcast.com,Female,31,DIY enthusiast,increase daily steps to 10
24,Filmore,Eustace,feustacen@livejournal.com,Male,53,sustainable living,lose 10 pounds in 2 months
25,Becki,Alf,balfo@tamu.edu,Female,23,vegan diet,increase daily steps to 10
26,Pepita,Osbaldeston,posbaldestonp@lulu.com,Female,40,yoga practice,drink more water daily
27,Dill,Drakeley,ddrakeleyq@tinypic.com,Male,31,sustainable living,incorporate strength training 3 times a week
28,Amelie,McLafferty,amclaffertyr@irs.gov,Female,44,digital nomad,improve flexibility with yoga
29,Osborne,Lyver,olyvers@4shared.com,Male,48,adventurous travel,improve flexibility with yoga
30,Joyann,Batson,jbatsont@freewebs.com,Female,21,adventurous travel,try intermittent fasting for weight loss
31,Sol,Goulstone,sgoulstoneu@nhs.uk,Male,31,sustainable living,incorporate strength training 3 times a week
32,Leola,Bugge,lbuggev@icq.com,Female,44,adventurous travel,000
33,Daryl,Scogin,dscoginw@nationalgeographic.com,Male,50,active lifestyle,practice mindfulness for mental health
34,Zoe,Agent,zagentx@biglobe.ne.jp,Female,31,work-life balance,incorporate strength training 3 times a week
35,Trenna,Knyvett,tknyvetty@mysql.com,Female,31,work-life balance,reduce stress through meditation
36,Licha,Francello,lfrancelloz@yahoo.com,Female,37,adventurous travel,increase daily steps to 10
37,Trstram,Forton,tforton10@vkontakte.ru,Male,30,digital nomad,incorporate strength training 3 times a week
38,Thebault,Gladwish,tgladwish11@miibeian.gov.cn,Male,27,sustainable living,cut out sugar for 30 days
39,Adan,MacGaughie,amacgaughie12@forbes.com,Male,31,digital nomad,try intermittent fasting for weight loss
40,Wally,Thwaite,wthwaite13@yellowpages.com,Male,56,DIY enthusiast,practice mindfulness for mental health
41,Carma,Little,clittle14@over-blog.com,Female,54,sustainable living,increase daily steps to 10
42,Brod,Hagstone,bhagstone15@people.com.cn,Male,22,adventurous travel,incorporate strength training 3 times a week
43,Balduin,Pilgram,bpilgram16@marketwatch.com,Male,46,vegan diet,improve flexibility with yoga
44,Nedi,Herreran,nherreran17@yolasite.com,Female,27,work-life balance,run a 5k in under 30 minutes
45,Shelba,Vowdon,svowdon18@washingtonpost.com,Female,23,adventurous travel,000
46,Fayina,McLagain,fmclagain19@sina.com.cn,Female,35,yoga practice,incorporate strength training 3 times a week
47,Nicola,Rowsel,nrowsel1a@umich.edu,Male,29,minimalist living,cut out sugar for 30 days
48,Minerva,Poller,mpoller1b@oracle.com,Female,52,active lifestyle,increase daily steps to 10
49,Ambrose,Pichmann,apichmann1c@typepad.com,Male,47,sustainable living,cut out sugar for 30 days
50,Shepperd,Meates,smeates1d@baidu.com,Male,44,minimalist living,lose 10 pounds in 2 months